{"cameraMode":{"drawMode":0,"name":"Shaded","section":"Shading Mode"},"sceneLighting":false,"audioPlay":false,"sceneViewState":{"showFog":true,"showMaterialUpdate":false,"showSkybox":true,"showFlares":true,"showImageEffects":true,"showParticleSystems":true},"in2DMode":false,"pivot":{"x":2.7899999618530275,"y":0.800000011920929,"z":5.159999847412109},"rotation":{"x":0.03994313254952431,"y":0.9599844813346863,"z":-0.20191484689712525,"w":0.18990720808506013},"size":4.572614669799805,"orthographic":false}