{"cameraMode":{"drawMode":0,"name":"Shaded","section":"Shading Mode"},"sceneLighting":true,"audioPlay":false,"sceneViewState":{"showFog":true,"showMaterialUpdate":false,"showSkybox":true,"showFlares":true,"showImageEffects":true,"showParticleSystems":true},"in2DMode":false,"pivot":{"x":-4.985121250152588,"y":2.4176321029663088,"z":-2.1422836780548097},"rotation":{"x":0.23409223556518556,"y":-0.08938943594694138,"z":0.02162053994834423,"w":0.9678548574447632},"size":18.68521499633789,"orthographic":false}