{"cameraMode":{"drawMode":0,"name":"Shaded","section":"Shading Mode"},"sceneLighting":true,"audioPlay":false,"sceneViewState":{"showFog":true,"showMaterialUpdate":false,"showSkybox":true,"showFlares":true,"showImageEffects":true,"showParticleSystems":true},"in2DMode":false,"pivot":{"x":-6.0494489669799809,"y":1.2202194929122925,"z":9.691641807556153},"rotation":{"x":0.36496224999427798,"y":0.031004536896944047,"z":-0.012160147540271283,"w":0.9304264783859253},"size":17.603666305541993,"orthographic":false}